focal,indiv,Fit,FitWC,piS,piN,piNpiS,Fit_d,Fit_u,FitWC_d,FitWC_u,piS_d,piS_u,piN_d,piN_u,piNpiS_d,piNpiS_u,Dtaj_ns,Dtaj_s,spid,spTrue,longevity,gestation,size,bodymass,juvenileSize,juvenileMass,ratioJuv,ratioJuvMass,ratioJuvSize,ratioJuvTime,ovosize,spermsize,dispersal,larvalDispersal,sociality,density,diet,sex,speed,kmh,fecundation,parentalCare,fecundity,fecundityPerDay,biogeography,Environment,invasive,genome.size,vertebrate,genus,subfamily,family,superfamily,suborder,order,class,superclass,phylum,custom,juvSize
Abatus_agassizi,2,-0.404748,-0.268249,0.00727197,0.00212556,0.292295,-0.430258,-0.377973,-0.304446,-0.232468,0.006778,0.007786,0.001953,0.002308,0.272722,0.312532,NA,NA,Abatus_agassizi,Abatus_agassizii,NA,NA,2.45,9.27857142857143,0.2,NA,0.000295503211991,NA,0.081632653061224,NA,NA,NA,NA,NA,NA,200,detri,gonochoric,slow,2.0833333333e-05,int,yes,109,0.298630136986301,antarctic,marine,0,NA,invertebrate,Abatus,NA,Schizasteridae,NA,NA,Spatangoida,Echinoidea,Echinozoa,Echinodermata,Echinodermata,0.199999999999999
Abatus_cordatus,8,-0.0829405,-0.0257053,0.00282628,0.000829958,0.293658,-0.101356,-0.063194,-0.055315,0.002845,0.002567,0.00311,0.00074,0.000926,0.25559,0.335795,-0.659706,-0.750072,Abatus_cordatus,Abatus_cordatus,NA,250,2.77142857142857,9.27857142857143,0.2,NA,0.000375819159765,0.000375819159765,0.072164948453608,NA,1300,15,NA,NA,NA,200,detri,gonochoric,slow,2.0833333333e-05,int,yes,109,0.298630136986301,antarctic,marine,0,NA,invertebrate,Abatus,NA,Schizasteridae,NA,NA,Spatangoida,Echinoidea,Echinozoa,Echinodermata,Echinodermata,0.199999999999999
Allolobophora_chlorotica_L1,2,-0.387738,-0.108575,0.0417953,0.00429348,0.102726,-0.395579,-0.379852,-0.118885,-0.098399,0.040984,0.042615,0.004151,0.004438,0.099255,0.106236,0.0459237,-0.0398643,Allolobophora_chlorotica_L1,Allolobophora_chlorotica,1.25342465753425,87.5,5.5,0.3,0.023809523809524,"0,0007",8.1126747e-08,0.002333333333333,0.004329004329004,NA,NA,NA,NA,NA,NA,NA,detri,hermaphrodite,slow,0.0144,ext,no,10,0.73972602739726,palearctic,terrestrial,0,1.02,invertebrate,Allolobophora,Lumbricinae,Lumbricidae,NA,Lumbricina,Haplotaxida,NA,NA,Annelida,Annelida,0.023809523809522
Allolobophora_chlorotica_L2,8,0.384759,0.437587,0.0553005,0.00513112,0.0927863,0.379062,0.390426,0.432245,0.442717,0.054739,0.055865,0.005022,0.00524,0.09052,0.09505,-0.171874,-0.0312485,Allolobophora_chlorotica_L2,Allolobophora_chlorotica,1.25342465753425,87.5,5.5,0.3,0.023809523809524,"0,0007",8.1126747e-08,0.002333333333333,0.004329004329004,NA,NA,NA,NA,NA,NA,NA,detri,hermaphrodite,slow,0.0144,ext,no,10,0.73972602739726,palearctic,terrestrial,0,1.02,invertebrate,Allolobophora,Lumbricinae,Lumbricidae,NA,Lumbricina,Haplotaxida,NA,NA,Annelida,Annelida,0.023809523809522
Allolobophora_chlorotica_L4,2,-0.286496,0.0126396,0.0378199,0.0033035,0.0873484,-0.304187,-0.266826,-0.005966,0.031762,0.036802,0.038856,0.003155,0.003458,0.083411,0.091447,0.024976,0.0623479,Allolobophora_chlorotica_L4,Allolobophora_chlorotica,1.25342465753425,87.5,5.5,0.3,0.023809523809524,"0,0007",8.1126747e-08,0.002333333333333,0.004329004329004,NA,NA,NA,NA,NA,NA,NA,detri,hermaphrodite,slow,0.0144,ext,no,10,0.73972602739726,palearctic,terrestrial,0,1.02,invertebrate,Allolobophora,Lumbricinae,Lumbricidae,NA,Lumbricina,Haplotaxida,NA,NA,Annelida,Annelida,0.023809523809522
Aporrectodea_icterica,2,-0.23669,0.0395112,0.0265455,0.00397339,0.149683,-0.261051,-0.211645,0.005668,0.072531,0.025394,0.027741,0.003708,0.004253,0.140087,0.159612,0.215136,0.152675,Aporrectodea_icterica,Aporrectodea_icterica,NA,NA,9.5,0.95,NA,NA,NA,NA,0.004329004329004,NA,NA,NA,NA,NA,NA,NA,detri,hermaphrodite,slow,0.036,ext,no,10,2.67287671232877,palearctic,terrestrial,0,NA,invertebrate,Aporrectodea,Lumbricinae,Lumbricidae,NA,Lumbricina,Haplotaxida,NA,NA,Annelida,Annelida,0.041125541125538
Aptenodytes_patagonicus,10,-0.0820884,-0.0153924,0.00263499,0.000456911,0.173402,-0.091345,-0.072489,-0.025289,-0.005368,0.002447,0.002828,0.000417,"0,0005",0.156869,0.191812,-1.90909,-1.1425,Aptenodytes_patagonicus,Aptenodytes_patagonicus,41,67.5,90,11800,90,11800,1,1,1,NA,NA,NA,NA,NA,NA,NA,carni,gonochoric,fast,9,int,yes,1,0.002739726027397,antarctic,marine,0,NA,vertebrate,Aptenodytes,NA,Spheniscidae,NA,NA,Sphenisciformes,Aves,Gnathostomata,Chordata,Chordata,90
Armadillidium_nasatum,2,-0.335308,-0.0534897,0.0185015,0.00233782,0.126358,-0.352931,-0.317229,-0.074756,-0.031639,0.01794,0.019075,0.002222,0.002457,0.120535,0.132426,0.124383,0.0651044,Armadillidium_nasatum,Armadillidium_nasatum,3.41666666666667,NA,1.8,0.04,0.12,0.0027625,0.00690625,0.0690625,0.066666666666667,NA,NA,NA,NA,NA,NA,NA,detri,gonochoric,slow,0.0168,int,yes,175,0.958904109589041,palearctic,terrestrial,0,NA,invertebrate,Armadillidium,NA,Armadillidiidae,NA,Oniscidea,Isopoda,Malacostraca,NA,Arthropoda,Arthropoda,0.120000000000001
Armadillidium_vulgare,10,0.181566,0.247406,0.0187064,0.00193442,0.103409,0.174005,0.188843,0.239745,0.254691,0.018306,0.019106,0.001869,0.002001,0.099753,0.107137,-0.666437,-0.269269,Armadillidium_vulgare,Armadillidium_vulgare,3.41666666666667,30,1.8,0.04,0.12,0.00027625,0.00690625,0.00690625,0.066666666666667,0.25,NA,NA,NA,NA,NA,10000,detri,gonochoric,slow,0.0168,int,yes,175,0.958904109589041,palearctic,terrestrial,0,1.96,invertebrate,Armadillidium,NA,Armadillidiidae,NA,Oniscidea,Isopoda,Malacostraca,NA,Arthropoda,Arthropoda,0.120000000000001
Artemia_franciscana,10,0.371225,0.435482,0.01072,0.00132105,0.123232,0.362521,0.379918,0.4273,0.443463,0.010498,0.010952,0.001274,0.001369,0.118457,0.128212,-0.948389,-0.470973,Artemia_franciscana,Artemia_franciscana,4,NA,1,0.00406415258082,0.05,5.645371788e-06,0.000125,0.001389064922163,0.05,NA,NA,NA,NA,NA,NA,1000000,herbi,gonochoric,fast,0.0126,int,yes,200,40,nearctic,fresh,1,2.91,invertebrate,Artemia,NA,Artemiidae,NA,NA,Anostraca,Branchiopoda,NA,Arthropoda,Arthropoda,0.05
Artemia_salina,2,0.215484,0.52476,0.0059074,0.00103201,0.174699,0.198557,0.232918,0.510084,0.538864,0.005746,0.006071,0.000998,0.001066,0.168184,0.181394,0.353109,0.465677,Artemia_salina,Artemia_salina,4,2,1,0.00406415258082,0.05103,5.779257676e-06,0.000125,0.001422008047503,0.05103,0.111111111111111,NA,NA,NA,NA,NA,NA,herbi,gonochoric,fast,0.0126,int,yes,200,40,NA,fresh,0,2.91,invertebrate,Artemia,NA,Artemiidae,NA,NA,Anostraca,Branchiopoda,NA,Arthropoda,Arthropoda,0.05103
Artemia_sinica,2,-0.350017,-0.0648536,0.00492781,0.00108834,0.220858,-0.361969,-0.337264,-0.083068,-0.046029,0.004758,0.005099,0.001047,0.00113,0.211962,0.230411,-0.139608,-0.0090669,Artemia_sinica,Artemia_sinica,4,NA,1,0.00406415258082,0.05103,5.779257676e-06,0.000125,0.001422008047503,0.05103,NA,NA,NA,NA,NA,NA,NA,herbi,gonochoric,fast,0.0126,int,yes,200,40,NA,fresh,0,2.91,invertebrate,Artemia,NA,Artemiidae,NA,NA,Anostraca,Branchiopoda,NA,Arthropoda,Arthropoda,0.05103
Artemia_tibetana,2,-0.328973,-0.0619925,0.00535856,0.00114567,0.213801,-0.342733,-0.314857,-0.080476,-0.043364,0.005164,0.005556,0.0011,0.00119,0.205163,0.222679,-0.0796788,-0.0191308,Artemia_tibetana,Artemia_tibetana,4,NA,1,0.00406415258082,0.05103,5.779257676e-06,0.000125,0.001422008047503,0.05103,NA,NA,NA,NA,NA,NA,NA,herbi,gonochoric,fast,0.0126,int,yes,200,40,NA,fresh,0,2.91,invertebrate,Artemia,NA,Artemiidae,NA,NA,Anostraca,Branchiopoda,NA,Arthropoda,Arthropoda,0.05103
Bostrycapulus_aculeatus,2,0.112839,0.430603,0.0834581,0.00687903,0.082425,0.09742,0.128356,0.417407,0.443848,0.081728,0.085244,0.006544,0.007226,0.077948,0.0872,0.620509,0.111126,Bostrycapulus_aculeatus,Bostrycapulus_aculeatus,NA,NA,2.5,NA,0.084,NA,3.7933056e-05,NA,0.0336,NA,NA,NA,NA,NA,NA,NA,herbi,hermaphrodite,fix,0,int,yes,25,NA,NA,marine,0,NA,invertebrate,Bostrycapulus,NA,Calyptraeidae,Calyptraeoidea,NA,NA,Gastropoda,NA,Mollusca,Mollusca,0.084
Caenorhabditis_brenneri,10,0.0546244,0.159726,0.032215,0.0012752,0.039584,0.030289,0.079476,0.128795,0.191255,0.029576,0.034985,0.001065,0.00151,0.033999,0.045366,-1.06814,-0.606413,Caenorhabditis_brenneri,Caenorhabditis_brenneri,0.16,0.604166666666667,0.1457,5.122265625e-06,0.0052,NA,4.5460203511e-05,NA,0.035689773507207,0.201388888888889,NA,NA,NA,NA,NA,NA,detri,gonochoric,slow,0.0018,int,no,1400,77.7777777777778,neotropic,terrestrial,0,0.1,invertebrate,Caenorhabditis,Peloderinae,Rhabditidae,Rhabditoidea,NA,Rhabditida,Chromadorea,NA,Nematoda,Nematoda,0.00520000000000006
Caenorhabditis_sp.10,2,-0.444104,-0.15632,0.049318,0.00252804,0.0512601,-0.458211,-0.42961,-0.177773,-0.134894,0.046885,0.051784,0.002283,0.002786,0.046444,0.056499,-0.258996,-0.0644304,Caenorhabditis_sp10,Caenorhabditis_sp10,0.16,NA,0.1457,5.122265625e-06,0.0052,NA,0.015625,NA,0.035689773507207,NA,NA,NA,NA,NA,NA,NA,detri,gonochoric,slow,0.0018,int,no,1400,77.7777777777778,NA,terrestrial,0,NA,invertebrate,Caenorhabditis,Peloderinae,Rhabditidae,Rhabditoidea,NA,Rhabditida,Chromadorea,NA,Nematoda,Nematoda,0.00520000000000006
Callithrix_jacchus,4,-0.181914,-0.196721,0.0015103,0.00029732,0.196861,-0.208939,-0.154143,-0.247161,-0.144589,0.001358,0.001668,0.000258,0.000337,0.170651,0.225162,-0.280237,-0.350225,Callithrix_jacchus,Callithrix_jacchus,22.8,144,13.5,255.2,NA,86.67,0.339615987460815,0.339615987460815,0.697690338267635,NA,NA,NA,NA,NA,NA,NA,herbi,gonochoric,fast,40,int,yes,2,0.010958904109589,neotropic,terrestrial,1,3.43,vertebrate,Callithrix,Callitrichinae,Cebidae,NA,Haplorrhini,Primates,Mammalia,Gnathostomata,Chordata,Chordata,9.41881956661307
Camponotus_aethiops,2,-0.334095,-0.258939,0.00332756,0.000763558,0.229465,-0.350669,-0.316928,-0.290262,-0.226425,0.003117,0.003547,0.000701,0.000828,0.217622,0.241755,0.569695,0.374229,Camponotus_aethiops,Camponotus_aethiops,26,NA,1.4,NA,1.3,NA,1,1,1,NA,NA,NA,NA,NA,NA,NA,carni,gonochoric,fast,3.6,int,NA,97,0.265753424657534,NA,terrestrial,0,NA,invertebrate,Camponotus,Formicinae,Formicidae,Vespoidea,Aculeata,Hymenoptera,Insecta,Hexapoda,Arthropoda,Arthropoda,1.4
Camponotus_ligniperdus,4,-0.126582,-0.2279,0.00164517,0.000411326,0.250021,-0.149605,-0.104221,-0.267732,-0.185716,0.001501,0.00181,0.000364,0.000463,0.230129,0.270579,NA,NA,Camponotus_ligniperdus_4indiv,Camponotus_ligniperdus,26,NA,1.9,NA,1.8,NA,1,1,1,NA,NA,NA,NA,NA,NA,NA,carni,gonochoric,fast,3.6,int,NA,97,0.265753424657534,NA,terrestrial,0,NA,invertebrate,Camponotus,Formicinae,Formicidae,Vespoidea,Aculeata,Hymenoptera,Insecta,Hexapoda,Arthropoda,Arthropoda,1.9
Carcinus_aestuarii,2,-0.38022,-0.140233,0.00871331,0.0011467,0.131604,-0.396004,-0.364268,-0.161913,-0.118586,0.008339,0.00909,0.001072,0.001227,0.122697,0.141103,0.214496,0.134931,Carcinus_aestuarii,Carcinus_aestuarii,7,NA,2.79,8.05405405405406,0.136,NA,NA,NA,0.048745519713262,NA,NA,NA,NA,NA,NA,NA,carni,gonochoric,fast,1.8,int,yes,126969,347.860273972603,NA,marine,0,1.24,invertebrate,Carcinus,NA,Carcinidae,Portunoidea,Pleocyemata,Decapoda,Malacostraca,NA,Arthropoda,Arthropoda,0.136000000000001
Chelonoidis_nigra,5,-0.145195,-0.104151,0.00163381,0.000612667,0.374993,-0.159673,-0.130353,-0.134841,-0.074568,0.001481,0.001799,0.000562,0.000663,0.334997,0.418485,-1.5251,-0.853084,Chelonoidis_nigra,Chelonoidis_nigra,177,165,110,175000,6.7,119.5,0.000682857142857,0.000682857142857,0.060909090909091,NA,NA,NA,NA,NA,NA,NA,herbi,gonochoric,fast,0.3,int,yes,10,0.027397260273973,ecuador,terrestrial,0,3.34,vertebrate,Chelonoidis,NA,Testudinidae,Testudinoidea,Cryptodira,Testudines,NA,Gnathostomata,Chordata,Chordata,6.70000000000001
Chlorocebus_aethiops,4,-0.154484,-0.123344,0.00349159,0.000620227,0.177634,-0.174938,-0.132716,-0.155039,-0.092694,0.003265,0.003728,0.000559,0.000684,0.162035,0.193863,-0.454692,-0.487652,Chlorocebus_aethiops,Chlorocebus_aethiops,30.08,162,50,5620,NA,1036,0.184341637010676,0.184341637010676,0.569125196521413,NA,NA,NA,NA,NA,NA,NA,omni,gonochoric,fast,45,int,yes,1,0.002739726027397,ethiopy,terrestrial,0,4.16,vertebrate,Chlorocebus,Cercopithecinae,Cercopithecidae,Cercopithecoidea,Haplorrhini,Primates,Mammalia,Gnathostomata,Chordata,Chordata,28.4562598260706
Ciona_intestinalis_A,10,-0.030003,0.0578054,0.0153244,0.00167996,0.109627,-0.042637,-0.016844,0.044985,0.070923,0.014743,0.015901,0.001574,0.001787,0.102121,0.117692,-0.298434,0.0632882,Ciona_intestinalis_A,Ciona_intestinalis,3,NA,15.5,29.714,0.016,2.143573333e-06,1.09993e-09,7.2140181e-08,0.001032258064516,NA,NA,NA,0,550,gregarious,NA,herbi,hermaphrodite,fix,0,ext,no,2500,1000,NA,marine,1,0.2,invertebrate,Ciona,NA,Cionidae,NA,Phlebobranchia,Enterogona,Ascidiacea,NA,Chordata,Ascidiacea,0.015999999999998
Ciona_intestinalis_B,10,0.0104694,0.109717,0.0533579,0.00297222,0.0557034,0.001417,0.019679,0.101374,0.118238,0.051616,0.055097,0.002811,0.003136,0.052355,0.059135,-0.813382,-0.255636,Ciona_intestinalis_B,Ciona_intestinalis,3,NA,15.5,29.714,0.016,2.143573333e-06,1.09993e-09,7.2140181e-08,0.001032258064516,NA,NA,NA,NA,NA,NA,NA,herbi,hermaphrodite,fix,0,ext,no,2500,1000,NA,marine,1,0.2,invertebrate,Ciona,NA,Cionidae,NA,Phlebobranchia,Enterogona,Ascidiacea,NA,Chordata,Ascidiacea,0.015999999999998
Crepidula_fornicata,8,-0.0229741,0.144093,0.0225892,0.0019975,0.0884274,-0.035645,-0.009846,0.12368,0.164835,0.021733,0.02347,0.001887,0.002109,0.082766,0.094387,-0.939574,-0.92278,Crepidula_fornicata,Crepidula_fornicata,10,6.5,3.5,2.10218,0.0182,NA,1.40608e-07,NA,0.0052,NA,170,NA,55,10000,gregarious,4770,herbi,hermaphrodite,fix,0,int,NA,200000,547.945205479452,NA,marine,1,NA,invertebrate,Crepidula,NA,Calyptraeidae,Calyptraeoidea,NA,NA,Gastropoda,NA,Mollusca,Mollusca,0.0182
Crepidula_plana,2,-0.391793,-0.0894611,0.0250816,0.0025782,0.102792,-0.407319,-0.376226,-0.114577,-0.065068,0.023739,0.026468,0.002356,0.002811,0.093495,0.112758,0.17388,-0.0331805,Crepidula_plana,Crepidula_plana,2,21,1,NA,0.0136,NA,2.515456e-06,NA,0.0136,NA,NA,NA,NA,NA,NA,NA,herbi,hermaphrodite,fix,0,int,NA,200,3.28767123287671,NA,marine,0,NA,invertebrate,Crepidula,NA,Calyptraeidae,Calyptraeoidea,NA,NA,Gastropoda,NA,Mollusca,Mollusca,0.0136
Culex_hortensis,2,-0.336998,0.000231031,0.0327737,0.00172608,0.0526667,-0.342976,-0.331215,-0.005855,0.006493,0.032262,0.033283,0.001671,0.001781,0.050933,0.054423,-0.407069,-0.335539,Culex_hortensis,Culex_hortensis,0.205479452054794,NA,0.5,0.0025,0.08,NA,0.004096,NA,0.16,NA,NA,NA,NA,NA,NA,NA,carni,gonochoric,fast,2,int,NA,300,100,NA,fresh,0,NA,invertebrate,Culex,Culicinae,Culicidae,Culicoidea,Nematocera,Diptera,Insecta,Hexapoda,Arthropoda,Arthropoda,0.08
Culex_pipiens,10,0.352378,0.418858,0.0412972,0.00112016,0.0271243,0.3397,0.364988,0.40856,0.429486,0.04021,0.042426,0.001046,0.001198,0.025333,0.029012,-0.693197,-0.497061,Culex_pipiens_ref,Culex_pipiens,0.205479452054794,10.5,0.5,0.0025,0.08,NA,0.004096,NA,0.16,NA,NA,NA,NA,NA,NA,NA,carni,gonochoric,fast,2,int,NA,300,100,nearctic/palearctic,fresh,0,0.7,invertebrate,Culex,Culicinae,Culicidae,Culicoidea,Nematocera,Diptera,Insecta,Hexapoda,Arthropoda,Arthropoda,0.08
Culex_torrentium,2,-0.339521,-0.0185666,0.0163186,0.0012241,0.0750124,-0.348183,-0.331053,-0.027913,-0.009446,0.016021,0.016618,0.001185,0.001262,0.072403,0.07759,-0.319418,-0.124824,Culex_torrentium,Culex_torrentium,0.205479452054794,NA,0.5,0.0025,0.08,NA,0.004096,NA,0.16,NA,NA,NA,NA,NA,NA,NA,carni,gonochoric,fast,2,int,NA,300,100,NA,fresh,0,NA,invertebrate,Culex,Culicinae,Culicidae,Culicoidea,Nematocera,Diptera,Insecta,Hexapoda,Arthropoda,Arthropoda,0.08
Cystodytes_dellechiajei_blue,2,0.575884,0.730887,0.0356235,0.00596127,0.167341,0.568046,0.583531,0.724626,0.73707,0.035263,0.035994,0.005842,0.00608,0.163796,0.170944,1.13436,1.08502,Cystodites_dellechiajei_blue,Cystodytes_dellechiajei,NA,NA,0.5,0.000903225806452,0.1,0.000709677419355,0.008,0.785714285714286,0.2,NA,NA,NA,NA,NA,NA,NA,NA,hermaphrodite,fix,0,int,NA,1,NA,NA,marine,0,NA,invertebrate,Cystodytes,NA,Polycitoridae,NA,Aplousobranchia,Enterogona,Ascidiacea,NA,Chordata,Ascidiacea,0.1
Cystodytes_dellechiajei_purple,5,0.550197,0.600973,0.0423533,0.00565209,0.133451,0.543304,0.556971,0.594045,0.607967,0.041903,0.0428,0.005527,0.005782,0.130123,0.13692,-0.150725,-0.128229,Cystodites_dellechiajei_purple,Cystodytes_dellechiajei,NA,NA,0.5,0.000903225806452,0.1,0.000709677419355,0.008,0.785714285714286,0.2,NA,NA,NA,NA,NA,NA,NA,NA,hermaphrodite,fix,0,int,NA,1,NA,NA,marine,0,NA,invertebrate,Cystodytes,NA,Polycitoridae,NA,Aplousobranchia,Enterogona,Ascidiacea,NA,Chordata,Ascidiacea,0.1
Echinocardium_cordatum_B2,7,-0.073714,0.0227751,0.0523593,0.00348659,0.0665897,-0.078149,-0.06917,0.018205,0.027341,0.051427,0.053263,0.003381,0.003595,0.064301,0.068992,-0.99526,-0.65323,Echinocardium_cordatum_B2,Echinocardium_cordatum,10,NA,6.5,38,0.0075,2.2078125e-07,4.62963e-09,5.810033e-09,0.001153846153846,NA,NA,NA,5500,NA,gregarious,NA,detri,gonochoric,slow,2.0833333333e-05,ext,NA,1000000,2739.72602739726,NA,marine,0,1.3,invertebrate,Echinocardium,NA,Loveniidae,NA,NA,Spatangoida,Echinoidea,Echinozoa,Echinodermata,Echinodermata,0.007499999999999
Echinocardium_mediterraneum,7,-0.079221,0.00932114,0.0210419,0.00215052,0.102202,-0.085728,-0.07241,0.002482,0.016118,0.020576,0.021509,0.002072,0.002227,0.098088,0.106356,-1.10891,-0.526322,Echinocardium_mediterraneum,Echinocardium_mediterraneum,10,NA,4.5,38,0.0075,2.2078125e-07,4.62963e-09,5.810033e-09,0.001666666666667,NA,NA,NA,NA,NA,NA,NA,detri,gonochoric,slow,2.0833333333e-05,ext,NA,1000000,2739.72602739726,NA,marine,0,NA,invertebrate,Echinocardium,NA,Loveniidae,NA,NA,Spatangoida,Echinoidea,Echinozoa,Echinodermata,Echinodermata,0.0075000000000015
Emys_orbicularis,10,0.261504,0.344851,0.00411023,0.000553684,0.134709,0.234218,0.288965,0.318224,0.371674,0.003806,0.004434,0.000491,0.000617,0.117371,0.15315,-0.691663,-0.00248166,Emys_orbicularis,Emys_orbicularis,120,95,25,977,2,9,0.000512,0.00921187308086,0.08,NA,NA,NA,NA,NA,NA,NA,carni,gonochoric,fast,0.3,int,NA,16,0.087671232876712,palearctic,terrestrial,0,2.6,vertebrate,Emys,NA,Emydidae,Testudinoidea,Cryptodira,Testudines,NA,Gnathostomata,Chordata,Chordata,2
Eudyptes_filholi,4,-0.152215,-0.0291077,0.00424895,0.000537389,0.126476,-0.173325,-0.1298,-0.051786,-0.00667,0.003905,0.004605,0.000487,0.000587,0.112621,0.141073,-0.707712,-0.401232,Eudyptes_filholi,Eudyptes_filholi,29,33,55,2500,NA,2500,1,1,1,NA,NA,NA,NA,NA,NA,NA,carni,gonochoric,fast,7.4,int,NA,2,0.005479452054795,NA,marine,0,NA,vertebrate,Eudyptes,NA,Spheniscidae,NA,NA,Sphenisciformes,Aves,Gnathostomata,Chordata,Chordata,55
Eudyptes_moseleyi,4,-0.126559,-0.0208097,0.00296217,0.000453794,0.153196,-0.153244,-0.099043,-0.053842,0.011084,0.002735,0.003198,0.000413,0.000495,0.13795,0.170432,-0.948928,-0.209495,Eudyptes_moseleyi,Eudyptes_moseleyi,29,33,55,2500,NA,2500,1,1,1,NA,NA,NA,NA,NA,gregarious,NA,carni,gonochoric,fast,7.4,int,NA,2,0.005479452054795,newzealand,marine,0,NA,vertebrate,Eudyptes,NA,Spheniscidae,NA,NA,Sphenisciformes,Aves,Gnathostomata,Chordata,Chordata,55
Eulemur_coronatus,4,-0.148037,-0.136938,0.0034089,0.000556144,0.163145,-0.173627,-0.121151,-0.18274,-0.09045,0.003173,0.003656,0.000493,0.000622,0.14614,0.181598,-0.0278142,-0.0355564,Eulemur_coronatus,Eulemur_coronatus,27,126,34,2500,NA,NA,NA,NA,0.923763481948411,NA,NA,NA,NA,NA,NA,NA,herbi,gonochoric,fast,20,int,NA,1.5,0.004109589041096,ethiopian,terrestrial,0,3.59,vertebrate,Eulemur,NA,Lemuridae,NA,Strepsirrhini,Primates,Mammalia,Gnathostomata,Chordata,Chordata,31.407958386246
Eulemur_mongoz,4,-0.0904069,-0.081701,0.00296415,0.000472021,0.159243,-0.126284,-0.054491,-0.140449,-0.021831,0.002723,0.003208,0.000415,0.000532,0.142355,0.17797,0.105827,-0.0411951,Eulemur_mongoz,Eulemur_mongoz,36.2,128,35,2060,NA,NA,NA,NA,0.923763481948411,NA,NA,NA,NA,NA,NA,NA,herbi,gonochoric,fast,20,int,NA,1.1,0.003013698630137,ethiopian,terrestrial,0,NA,vertebrate,Eulemur,NA,Lemuridae,NA,Strepsirrhini,Primates,Mammalia,Gnathostomata,Chordata,Chordata,32.3317218681944
Eunicella_cavolinii,8,0.240755,0.304238,0.01249,0.00160645,0.128618,0.229196,0.252269,0.29402,0.31465,0.01217,0.01282,0.001537,0.001678,0.12232,0.135242,-0.884224,-0.718562,Eunicella_cavolinii,Eunicella_cavolinii,100,NA,30,NA,0.25,NA,3.5126422e-08,NA,0.008333333333333,NA,NA,NA,NA,NA,NA,NA,herbi,hermaphrodite,fix,0,int,NA,12093.2,33.1320547945206,NA,marine,0,NA,invertebrate,Eunicella,NA,Gorgoniidae,NA,Holaxonia,Alcyonacea,Anthozoa,NA,Cnidaria,Cnidaria,0.24999999999999
Eunicella_verrucosa,2,-0.320518,-0.0109251,0.0146539,0.00185025,0.126263,-0.330387,-0.310418,-0.022251,0.000233,0.014351,0.014949,0.001793,0.001907,0.122252,0.130439,-0.063645,-0.0491846,Eunicella_verrucosa,Eunicella_verrucosa,100,NA,37.5,NA,0.25,NA,1.953125e-06,NA,0.006666666666667,NA,NA,NA,NA,550,colonial,NA,herbi,hermaphrodite,fix,0,ext,NA,12093.2,33.1320547945206,NA,marine,0,NA,invertebrate,Eunicella,NA,Gorgoniidae,NA,Holaxonia,Alcyonacea,Anthozoa,NA,Cnidaria,Cnidaria,0.250000000000012
Galago_senegalensis,4,-0.195637,-0.133047,0.00392943,0.000623907,0.158778,-0.225434,-0.16546,-0.180972,-0.082112,0.003517,0.004367,0.000534,0.00072,0.136716,0.182698,-0.590183,-0.606606,Galago_senegalensis,Galago_senegalensis,17.1,126,13,192.2,NA,100,0.520291363163372,0.520291363163372,0.804295314877201,NA,NA,NA,NA,NA,NA,NA,omni,gonochoric,fast,20,int,NA,1.5,0.008219178082192,ethiopian,terrestrial,0,4.075,vertebrate,Galago,NA,Galagidae,NA,Strepsirrhini,Primates,Mammalia,Gnathostomata,Chordata,Chordata,10.4558390934036
Halictus_scabiosae,11,-0.0349215,0.0275652,0.00211062,0.000260425,0.123388,-0.050379,-0.018858,0.002605,0.052536,0.001952,0.002267,0.000231,0.000291,0.108795,0.139135,-0.337172,0.0381206,Halictus_scabiosae,Halictus_scabiosae,1,NA,1.5,0.0930228,NA,NA,1,1,1,NA,NA,NA,NA,NA,NA,NA,herbi,gonochoric,fast,32.19,int,NA,11,NA,NA,terrestrial,0,NA,invertebrate,Halictus,Halictinae,Halictidae,Apoidea,Aculeata,Hymenoptera,Insecta,Hexapoda,Arthropoda,Arthropoda,1.5
Hippocampus_guttulatus,6,-0.0187697,0.12962,0.00162526,0.000384113,0.236339,-0.031451,-0.006101,0.109894,0.149014,0.001551,0.0017,0.000365,0.000403,0.222634,0.250655,-0.346465,0.0341816,Hippocampus_guttulatus,Hippocampus_guttulatus,7,21,13.25,4.76285664168918,1.2,0.001454925645727,0.000742841405993,0.000305473323088,0.090566037735849,NA,NA,NA,55,NA,solitary,NA,carni,gonochoric,fast,NA,int,NA,214,2.46575342465753,NA,marine,0,3.75,invertebrate,Hippocampus,Hippocampinae,Syngnathidae,Syngnathoidea,NA,Syngnathiformes,Actinopterygii,Gnathostomata,Chordata,Chordata,1.2
Hippocampus_hippocampus,2,-0.32984,-0.0534427,0.00402748,0.000861628,0.213937,-0.339569,-0.319915,-0.067369,-0.040091,0.003933,0.004124,0.000831,0.000894,0.206414,0.221868,-0.097932,-0.134031,Hippocampus_hippocampus,Hippocampus_hippocampus,7,NA,10,1.84501541917947,1.2,NA,NA,NA,0.12,NA,NA,NA,NA,NA,NA,NA,carni,gonochoric,fast,NA,int,NA,250,2.46575342465753,NA,marine,0,NA,invertebrate,Hippocampus,Hippocampinae,Syngnathidae,Syngnathoidea,NA,Syngnathiformes,Actinopterygii,Gnathostomata,Chordata,Chordata,1.2
Hippocampus_kuda,2,-0.576921,-0.417884,0.00118422,0.000410586,0.346715,-0.588196,-0.565628,-0.434457,-0.400749,0.001134,0.001236,0.000394,0.000427,0.332198,0.361706,0.533752,0.615737,Hippocampus_kuda,Hippocampus_kuda,7,NA,12,3.41067862286015,0.7,0.000236581289629,0.00019849537037,6.9364873033e-05,0.058333333333333,NA,NA,NA,NA,NA,NA,NA,carni,gonochoric,fast,NA,int,NA,510,2.46575342465753,NA,marine,0,NA,invertebrate,Hippocampus,Hippocampinae,Syngnathidae,Syngnathoidea,NA,Syngnathiformes,Actinopterygii,Gnathostomata,Chordata,Chordata,0.699999999999996
Homo_sapiens,4,-0.136974,-0.124156,0.00177813,0.000422885,0.237826,-0.16604,-0.107866,-0.169656,-0.075499,0.00162,0.001946,0.000373,0.000478,0.211899,0.266413,-0.492767,-0.510234,Homo_sapiens,Homo_sapiens,122.5,280,162.56,62035,NA,11750,0.189409204481341,0.189409204481341,0.574293225603088,NA,NA,NA,NA,NA,gregarious,NA,omni,gonochoric,fast,40,int,NA,1,0.001564945226917,worldwide,terrestrial,1,3.5,vertebrate,Homo,Homininae,Hominidae,Hominoidea,Haplorrhini,Primates,Mammalia,Gnathostomata,Chordata,Chordata,93.357106754038
Leptogorgia_sarmentosa,2,-0.313137,0.0105911,0.0207234,0.002104,0.101528,-0.321545,-0.304816,0.001905,0.019322,0.020385,0.021053,0.002048,0.00216,0.098484,0.104668,-0.113182,-0.0783663,Leptogorgia_sarmentosa,Leptogorgia_sarmentosa,NA,NA,40,NA,0.019,NA,NA,NA,0.000475,NA,NA,NA,NA,NA,NA,NA,NA,gonochoric,fix,0,int,NA,NA,NA,NA,marine,0,NA,invertebrate,Leptogorgia,NA,Gorgoniidae,NA,Holaxonia,Alcyonacea,Anthozoa,NA,Cnidaria,Cnidaria,0.019
Lepus_granatensis,10,-0.0431106,0.022117,0.00397721,0.000512409,0.128836,-0.060454,-0.02481,0.000662,0.042612,0.003685,0.004283,0.000449,0.000583,0.113435,0.145887,-0.78716,-0.290882,Lepus_granatensis,Lepus_granatensis,18,43,45.9,2323.94,NA,800,0.344242966685887,0.344242966685887,0.689410276471614,NA,NA,NA,NA,NA,NA,NA,herbi,gonochoric,fast,56,int,NA,2.08,0.019831232876712,NA,terrestrial,0,3.315,vertebrate,Lepus,NA,Leporidae,NA,NA,Lagomorpha,Mammalia,Gnathostomata,Chordata,Chordata,31.6439316900471
Lineus_lacteus,2,-0.347045,-0.0440374,0.0232716,0.0026178,0.112489,-0.359017,-0.334787,-0.060085,-0.027748,0.022399,0.024166,0.002479,0.002763,0.10622,0.11898,-0.0594468,0.0111216,Lineus_lacteus,Lineus_lacteus,NA,NA,17.5,NA,0.02,NA,NA,NA,0.001142857142857,NA,NA,NA,NA,NA,NA,NA,NA,NA,fast,NA,ext,NA,1000,2.73972602739726,NA,marine,0,NA,invertebrate,Lineus,NA,Lineidae,NA,NA,Heteronemertea,Anopla,NA,Nemertea,Nemertea,0.0199999999999975
Lineus_longissimus,6,-0.109293,-0.01569,0.0177877,0.0015871,0.0892245,-0.117199,-0.101112,-0.02393,-0.007974,0.017083,0.018505,0.001492,0.001685,0.082676,0.096202,-0.781206,-0.569098,Lineus_longissimus,Lineus_longissimus,NA,NA,1000,NA,0.02,NA,NA,NA,"0,00002",NA,NA,NA,NA,NA,NA,NA,NA,NA,fast,NA,ext,NA,10000,27.3972602739726,NA,marine,0,NA,invertebrate,Lineus,NA,Lineidae,NA,NA,Heteronemertea,Anopla,NA,Nemertea,Nemertea,0.02
Lineus_ruber,2,-0.241169,-0.0510394,0.00963977,0.00232305,0.240987,-0.26441,-0.218215,-0.077626,-0.023254,0.009245,0.010047,0.002204,0.002444,0.229222,0.253435,0.264976,0.293652,Lineus_ruber2,Lineus_ruber,NA,NA,5,NA,0.5,NA,NA,NA,0.1,NA,NA,NA,NA,NA,NA,NA,NA,NA,fast,NA,int,NA,50,0.136986301369863,NA,marine,0,NA,invertebrate,Lineus,NA,Lineidae,NA,NA,Heteronemertea,Anopla,NA,Nemertea,Nemertea,0.5
Liocarcinus_depurator,2,-0.365395,-0.0504474,0.0148552,0.00126285,0.0850111,-0.375666,-0.355061,-0.062487,-0.038642,0.014264,0.015455,0.001189,0.001339,0.079721,0.090626,-0.0247791,-0.135149,Liocarcinus_depurator,Liocarcinus_depurator,4,NA,5.1,NA,0.129,NA,NA,NA,0.025294117647059,NA,NA,NA,NA,NA,NA,NA,NA,gonochoric,NA,1.8,int,NA,230000,630.13698630137,NA,marine,0,NA,invertebrate,Liocarcinus,NA,Carcinidae,Portunoidea,Pleocyemata,Decapoda,Malacostraca,NA,Arthropoda,Arthropoda,0.129000000000001
Macaca_mulatta,4,-0.12138,-0.0518119,0.00395863,0.000624464,0.157748,-0.14251,-0.100404,-0.083157,-0.020168,0.003745,0.004184,0.000566,0.000686,0.14427,0.172045,-0.337032,-0.398842,Macaca_mulatta,Macaca_mulatta,40,165,55.5,8235,NA,1454,0.176563448694596,0.176563448694596,0.561005261430501,NA,NA,NA,NA,NA,gregarious,NA,omni,gonochoric,fast,48,int,NA,1,0.002252252252252,palearctic/oriental,terrestrial,1,3.365,vertebrate,Macaca,Cercopithecinae,Cercopithecidae,Cercopithecoidea,Haplorrhini,Primates,Mammalia,Gnathostomata,Chordata,Chordata,31.1357920093928
Melitaea_cinxia,10,0.384594,0.516966,0.0342226,0.00320756,0.0937264,0.371672,0.397675,0.503723,0.530338,0.033306,0.035155,0.003045,0.003372,0.088286,0.099353,-0.776025,-0.634848,Melitaea_cinxia,Melitaea_cinxia,1,NA,3.96,0.165,0.055610231616538,"0,00009",0.000545454545455,0.000545454545455,0.014042987781954,NA,NA,NA,NA,NA,solitary,NA,herbi,gonochoric,fast,8,int,NA,200,95.2380952380952,NA,terrestrial,0,0.395,invertebrate,Melitaea,Nymphalinae,Nymphalidae,Papilionoidea,Glossata,Lepidoptera,Insecta,Hexapoda,Arthropoda,Arthropoda,0.0556102316165378
Melitaea_didyma,2,-0.332328,-0.0144966,0.0307243,0.00349029,0.1136,-0.346042,-0.318727,-0.031863,0.003256,0.029702,0.031759,0.003308,0.003685,0.107603,0.119975,-0.0703078,-0.0198973,Melitaea_didyma,Melitaea_didyma,1,NA,4.4,0.165,0.07133867976227,"0,00009",0.000545454545455,0.000545454545455,0.016213336309607,NA,NA,NA,NA,NA,NA,NA,herbi,gonochoric,fast,8,int,NA,200,95.2380952380952,NA,terrestrial,0,NA,invertebrate,Melitaea,Nymphalinae,Nymphalidae,Papilionoidea,Glossata,Lepidoptera,Insecta,Hexapoda,Arthropoda,Arthropoda,0.0713386797622708
Mellicta_athalia,2,-0.244213,0.0603555,0.0268667,0.00316704,0.11788,-0.26316,-0.225178,0.038319,0.082246,0.025813,0.027918,0.002957,0.003387,0.110676,0.125227,-0.120318,-0.0626538,Mellicta_athalia,Mellicta_athalia,1,NA,3.9,0.165,0.064434215609131,"0,00009",0.000545454545455,0.000545454545455,0.016521593745931,NA,NA,NA,NA,NA,NA,NA,herbi,gonochoric,fast,8,int,NA,200,95.2380952380952,NA,terrestrial,0,NA,invertebrate,Mellicta,Nymphalinae,Nymphalidae,Papilionoidea,Glossata,Lepidoptera,Insecta,Hexapoda,Arthropoda,Arthropoda,0.0644342156091309
Mellicta_parthenoides,2,-0.348418,-0.0506673,0.0164728,0.00240365,0.145917,-0.37405,-0.322553,-0.087819,-0.013937,0.01561,0.017371,0.00222,0.002597,0.135347,0.156815,0.227685,0.129209,Mellicta_parthenoides,Mellicta_parthenoides,1,NA,3.9,0.165,0.064434215609131,"0,00009",0.000545454545455,0.000545454545455,0.016521593745931,NA,NA,NA,NA,NA,NA,NA,herbi,gonochoric,fast,8,int,NA,200,95.2380952380952,NA,terrestrial,0,NA,invertebrate,Mellicta,Nymphalinae,Nymphalidae,Papilionoidea,Glossata,Lepidoptera,Insecta,Hexapoda,Arthropoda,Arthropoda,0.0644342156091309
Messor_barbarus,10,-0.352292,-0.334384,0.00580966,0.000529119,0.0910758,-0.357796,-0.346847,-0.339195,-0.329449,0.005657,0.005968,0.000509,0.000549,0.087091,0.09515,-0.661347,-0.0684269,Messor_barbarus,Messor_barbarus,20,NA,1.5,0.14,NA,NA,1,1,1,NA,NA,NA,NA,NA,NA,NA,herbi,gonochoric,fast,3.6,int,NA,97,0.265753424657534,NA,terrestrial,0,NA,invertebrate,Messor,Myrmicinae,Formicidae,Vespoidea,Aculeata,Hymenoptera,Insecta,Hexapoda,Arthropoda,Arthropoda,1.5
Microtus_arvalis,7,0.298297,0.346856,0.00849582,0.00096359,0.113419,0.288049,0.308693,0.336379,0.357625,0.008258,0.008741,0.00092,0.001007,0.108323,0.118615,-1.05047,-0.730555,Microtus_arvalis,Microtus_arvalis,4.8,21,11.366,27.5,NA,8.9,0.323636363636364,0.323636363636364,0.686571498896641,NA,NA,NA,NA,NA,NA,0.1,herbi,gonochoric,fast,13,int,NA,5.1,0.076849315068493,palearctic,terrestrial,0,2.915,vertebrate,Microtus,Arvicolinae,Cricetidae,NA,Sciurognathi,Rodentia,Mammalia,Gnathostomata,Chordata,Chordata,7.80357165645922
Monodelphis_domestica,4,0.0888435,0.145284,0.00246868,0.000382924,0.155113,0.056379,0.121121,0.104838,0.18595,0.002312,0.002632,0.000343,0.000424,0.139699,0.172051,0.17641,0.484932,Monodelphis_domestica,Monodelphis_domestica,5.1,NA,12.5,105,20.3,20.3,0.193333333333333,0.193333333333333,0.578232165021555,NA,NA,NA,NA,NA,NA,NA,omni,gonochoric,fast,11.3,int,NA,9,0.098630136986301,NA,terrestrial,0,NA,vertebrate,Monodelphis,Didelphinae,Didelphidae,NA,NA,Didelphimorphia,Mammalia,Gnathostomata,Chordata,Chordata,7.22790206276944
Mus_musculus,4,-0.184233,-0.119377,0.00446122,0.000601295,0.134783,-0.203026,-0.165059,-0.143548,-0.095263,0.004229,0.004698,0.00055,0.000653,0.123903,0.146013,-0.157324,-0.0402781,Mus_musculus,Mus_musculus,4,19,8,20.5,NA,8.9,0.434146341463415,0.434146341463415,0.757202516314724,NA,NA,NA,NA,NA,NA,NA,omni,gonochoric,fast,13,int,NA,7,0.103561643835616,palearctic,terrestrial,1,3.28833333333333,vertebrate,Mus,Murinae,Muridae,NA,Sciurognathi,Rodentia,Mammalia,Gnathostomata,Chordata,Chordata,6.05762013051779
Mytilus_californianus,2,-0.324908,-0.0105272,0.0197862,0.00248757,0.125722,-0.334506,-0.315251,-0.024423,0.00366,0.019282,0.020309,0.00239,0.002584,0.120722,0.130821,-0.122905,-0.0940292,Mytilus_californianus,Mytilus_californianus,25,NA,7.5,37.5,0.01,5.23333333e-07,2.68537e-10,1.3955556e-08,0.001333333333333,NA,NA,NA,NA,NA,NA,NA,detri,gonochoric,fix,0,ext,NA,40000000,109589.04109589,NA,marine,0,1.755,invertebrate,Mytilus,Mytilinae,Mytilidae,Mytiloidea,NA,Mytiloida,Bivalvia,NA,Mollusca,Mollusca,0.0099999999999975
Mytilus_edulis,4,-0.130806,0.0186252,0.0339066,0.0024297,0.0716585,-0.137208,-0.124336,0.010604,0.026807,0.033159,0.034678,0.002328,0.002533,0.068499,0.074878,-0.805804,-0.547093,Mytilus_edulis,Mytilus_edulis,25,NA,7.5,37.5,0.01,5.23333333e-07,2.37037e-09,1.3955556e-08,0.001333333333333,NA,NA,NA,10,10000,gregarious,NA,detri,gonochoric,fix,0,ext,NA,40000000,109589.04109589,NA,marine,0,1.63666666666667,invertebrate,Mytilus,Mytilinae,Mytilidae,Mytiloidea,NA,Mytiloida,Bivalvia,NA,Mollusca,Mollusca,0.0099999999999975
Mytilus_galloprovincialis,6,-0.0348511,0.0723712,0.0334238,0.00225418,0.0674425,-0.041304,-0.028233,0.065014,0.079813,0.032698,0.03415,0.00217,0.002341,0.064672,0.070266,-0.775709,-0.495116,Mytilus_galloprovincialis,Mytilus_galloprovincialis,25,NA,7.5,37.5,0.01,5.23333333e-07,2.68537e-10,1.3955556e-08,0.001333333333333,NA,NA,NA,NA,NA,NA,NA,detri,gonochoric,fix,0,ext,NA,40000000,109589.04109589,NA,marine,1,1.665,invertebrate,Mytilus,Mytilinae,Mytilidae,Mytiloidea,NA,Mytiloida,Bivalvia,NA,Mollusca,Mollusca,0.0099999999999975
Mytilus_trossulus,2,-0.302126,0.00916614,0.0692141,0.00570083,0.0823651,-0.310561,-0.293331,-0.000667,0.019258,0.068258,0.070164,0.005568,0.005837,0.080107,0.084666,-0.0518583,-0.159896,Mytilus_trossulus,Mytilus_trossulus,25,NA,7.5,37.5,0.01,5.23333333e-07,2.68537e-10,1.3955556e-08,0.001333333333333,NA,NA,NA,NA,NA,NA,NA,detri,gonochoric,fix,0,ext,NA,40000000,109589.04109589,NA,marine,0,1.4,invertebrate,Mytilus,Mytilinae,Mytilidae,Mytiloidea,NA,Mytiloida,Bivalvia,NA,Mollusca,Mollusca,0.0099999999999975
Necora_puber,8,-0.0939942,-0.0107796,0.00591197,0.000522356,0.0883556,-0.100326,-0.087457,-0.017263,-0.0044,0.005716,0.006114,0.000497,0.000547,0.08376,0.093038,-0.939952,-0.708991,Necora_puber,Necora_puber,10,NA,6,90,0.18,NA,NA,NA,0.03,NA,NA,NA,NA,NA,NA,NA,omni,gonochoric,fast,1.8,int,NA,400000,1095.8904109589,NA,marine,0,NA,invertebrate,Necora,NA,Carcinidae,Portunoidea,Pleocyemata,Decapoda,Malacostraca,NA,Arthropoda,Arthropoda,0.18
Nycticebus_coucang,4,-0.128613,-0.111488,0.0027635,0.000515373,0.186493,-0.155075,-0.101145,-0.156453,-0.067267,0.002554,0.002982,0.000459,0.000575,0.166785,0.208152,-0.14314,-0.184091,Nycticebus_coucang,Nycticebus_coucang,25.8,188,30,890.5,NA,520,0.583941605839416,0.583941605839416,0.835839978872277,NA,NA,NA,NA,NA,NA,NA,omni,gonochoric,fast,NA,int,NA,1,0.002739726027397,palearctic,terrestrial,0,3.58,vertebrate,Nycticebus,NA,Lorisidae,NA,Strepsirrhini,Primates,Mammalia,Gnathostomata,Chordata,Chordata,25.0751993661683
Ophioderma_longicauda_L1,5,-0.115926,-0.00911235,0.0161113,0.0028924,0.179526,-0.131689,-0.099535,-0.026435,0.008384,0.01507,0.017178,0.002668,0.003127,0.16405,0.196429,-0.992068,-0.70129,Ophioderma_longicauda_L1,Ophioderma_longicauda,NA,NA,1.53,2.18,0.02,NA,NA,NA,0.013071895424837,NA,NA,NA,NA,NA,NA,NA,NA,NA,NA,0.36,NA,NA,1500,4.10958904109589,NA,marine,0,NA,invertebrate,Ophioderma,Ophiodermatinae,Ophiodermatidae,NA,Ophiurina,Ophiurida,Ophiuroidea,Asterozoa,Echinodermata,Echinodermata,0.0200000000000006
Ophioderma_longicauda_L3,2,-0.445148,-0.279878,0.00839587,0.00223977,0.26677,-0.468303,-0.42065,-0.310114,-0.249288,0.007976,0.008827,0.002124,0.002358,0.254024,0.280178,0.456448,0.493559,Ophioderma_longicauda_L3,Ophioderma_longicauda,NA,NA,1.23,1.07,0.18,NA,NA,NA,0.146341463414634,NA,NA,NA,NA,NA,NA,NA,NA,NA,NA,0.36,NA,NA,1048,2.87123287671233,NA,marine,0,NA,invertebrate,Ophioderma,Ophiodermatinae,Ophiodermatidae,NA,Ophiurina,Ophiurida,Ophiuroidea,Asterozoa,Echinodermata,Echinodermata,0.18
Ostrea_chilensis,2,-0.487414,-0.258004,0.00652548,0.00212351,0.325419,-0.515571,-0.458623,-0.306411,-0.207696,0.005965,0.007118,0.001916,0.002342,0.294031,0.358996,0.457867,0.351962,Ostrea_chilensis,Ostrea_chilensis,34,NA,11,267.907623059048,0.045,4.768875e-05,2.1236231e-08,1.78004453e-07,0.004090909090909,NA,NA,NA,NA,NA,NA,NA,detri,hermaphrodite,fix,0,int,NA,152000,416.438356164384,NA,marine,0,NA,invertebrate,Ostrea,NA,Ostreidae,Ostreoidea,NA,Ostreoida,Bivalvia,NA,Mollusca,Mollusca,0.044999999999999
Ostrea_edulis,10,-0.061967,-0.000708434,0.00529649,0.000940557,0.177581,-0.080045,-0.044187,-0.021812,0.020398,0.004957,0.005654,0.000847,0.00104,0.158781,0.19831,-0.429405,-0.217328,Ostrea_edulis,Ostrea_edulis,34,NA,11,267.907623059048,0.018,3.05208e-06,4.381668e-09,1.1392285e-08,0.001636363636364,NA,NA,NA,0,10000,gregarious,NA,detri,hermaphrodite,fix,0,int,NA,2000000,5479.45205479452,NA,marine,1,1.17,invertebrate,Ostrea,NA,Ostreidae,Ostreoidea,NA,Ostreoida,Bivalvia,NA,Mollusca,Mollusca,0.018000000000004
Ostreola_stentina,2,-0.358735,-0.0619183,0.0206275,0.0026217,0.127097,-0.385704,-0.331379,-0.102858,-0.022123,0.019311,0.022001,0.002368,0.00289,0.115042,0.139725,0.0226561,0.106387,Ostreola_stentina,Ostreola_stentina,NA,NA,3.90275,13.0655012773567,0.014,NA,NA,NA,0.003587214143873,NA,NA,NA,NA,NA,NA,NA,detri,hermaphrodite,fix,0,int,NA,NA,NA,NA,marine,0,NA,invertebrate,Ostreola,NA,Ostreidae,Ostreoidea,NA,Ostreoida,Bivalvia,NA,Mollusca,Mollusca,0.0140000000000004
Pan_troglodytes,4,-0.0905543,-0.0472216,0.00425055,0.000832298,0.19581,-0.108225,-0.072135,-0.076526,-0.018874,0.004008,0.004502,0.000753,0.000915,0.179291,0.213859,-0.976298,-1.13296,Pan_troglodytes,Pan_troglodytes,59.4,229,79.609,44984,NA,8500,0.188956073270496,0.188956073270496,0.573834891698721,NA,NA,NA,NA,NA,gregarious,NA,omni,gonochoric,fast,NA,int,NA,1,0.002739726027397,NA,terrestrial,0,3.625,vertebrate,Pan,Homininae,Hominidae,Hominoidea,Haplorrhini,Primates,Mammalia,Gnathostomata,Chordata,Chordata,45.6824218932435
Parus_caeruleus,10,-0.0421463,0.0287238,0.00534488,0.000737193,0.137925,-0.053875,-0.030367,0.014163,0.043116,0.004985,0.005715,0.000666,0.000809,0.122844,0.153806,-1.70855,-0.597998,Parus_caeruleus,Parus_caeruleus,14.6,NA,11.5,10.3,NA,10.3,1,1,1,NA,NA,NA,NA,NA,NA,NA,NA,gonochoric,fast,29,int,NA,9,0.024657534246575,NA,terrestrial,0,1.47,vertebrate,Parus,NA,Paridae,NA,NA,Passeriformes,Aves,Gnathostomata,Chordata,Chordata,11.5
Pectinaria_koreni_nord,6,-0.0850937,-0.00263137,0.0132779,0.000738225,0.0555981,-0.106394,-0.062356,-0.025793,0.020995,0.011994,0.014605,0.000614,0.00087,0.045811,0.066449,-1.09943,-1.06794,Pectinaria_koreni_nord,Pectinaria_koreni,1.41666666666667,NA,2.5,0.2579,0.00625,1.27766927e-07,1.5625e-08,4.95412668e-07,0.0025,0.000155098875533,NA,NA,NA,NA,NA,1000,detri,gonochoric,slow,0,ext,NA,430000,1178.08219178082,palearctic,marine,0,1.35,invertebrate,Pectinaria,NA,Pectinariidae,NA,NA,Terebellida,Polychaeta,NA,Annelida,Annelida,0.00625
Pectinaria_koreni_sud,2,-0.333989,0.0110392,0.0438453,0.00201947,0.0460589,-0.350772,-0.316231,-0.00802,0.029975,0.041898,0.045978,0.00182,0.002239,0.041273,0.051439,-0.0851763,-0.191984,Pectinaria_koreni_sud,Pectinaria_koreni,1.41666666666667,NA,2.5,0.2579,0.00625,1.27766927e-07,7.2337963e-08,4.95412668e-07,0.0025,NA,NA,NA,NA,NA,NA,1000,detri,gonochoric,slow,0,ext,NA,430000,1178.08219178082,palearctic,marine,0,1.35,invertebrate,Pectinaria,NA,Pectinariidae,NA,NA,Terebellida,Polychaeta,NA,Annelida,Annelida,0.00625
Pheidole_pallidula,4,0.360166,0.345536,0.00309237,0.000530746,0.171631,0.347545,0.372605,0.323917,0.366419,0.003017,0.003167,0.000508,0.000554,0.165167,0.178134,-0.15149,-0.156599,Pheidole_pallidula,Pheidole_pallidula,20,NA,0.8,0.03,NA,NA,NA,NA,1,NA,NA,NA,NA,NA,NA,NA,NA,gonochoric,fast,3.6,int,NA,445,1.21917808219178,NA,terrestrial,0,NA,invertebrate,Pheidole,Myrmicinae,Formicidae,Vespoidea,Aculeata,Hymenoptera,Insecta,Hexapoda,Arthropoda,Arthropoda,0.8
Physa_acuta,9,0.135501,0.233858,0.0317507,0.00226422,0.0713124,0.123425,0.14773,0.221019,0.24709,0.030379,0.033155,0.002105,0.002429,0.066672,0.076283,-0.737943,-0.437758,Physa_acuta,Physa_acuta,1.5,11,0.85,0.0095,0.05,6.5416666667e-05,0.000203541624262,0.006885964912281,0.058823529411765,NA,NA,NA,NA,NA,NA,NA,detri,hermaphrodite,slow,0.004056,int,NA,100,14.2465753424658,nearctic,fresh,1,1.2,invertebrate,Physa,NA,Physidae,Planorboidea,NA,NA,Gastropoda,NA,Mollusca,Mollusca,0.0500000000000003
Physa_gyrina,2,0.101027,0.370746,0.0203538,0.00235481,0.115694,0.065969,0.135972,0.334154,0.407275,0.0192,0.021583,0.002156,0.002559,0.106714,0.125192,0.305117,0.409681,Physa_gyrina,Physa_gyrina,1.5,NA,1.55,0.0095,0.05,6.5416666667e-05,2.9233751e-08,0.006885964912281,0.032258064516129,NA,NA,NA,NA,NA,NA,NA,detri,hermaphrodite,slow,0.004056,int,NA,100,14.2465753424658,NA,fresh,0,NA,invertebrate,Physa,NA,Physidae,Planorboidea,NA,NA,Gastropoda,NA,Mollusca,Mollusca,0.0499999999999999
Propithecus_coquereli,4,-0.183805,-0.0948692,0.00850132,0.000985595,0.115934,-0.197549,-0.169936,-0.114067,-0.076021,0.008071,0.008937,"0,0009",0.001073,0.106648,0.125903,-0.730927,-0.523601,Propithecus_coquereli,Propithecus_coquereli,31,106.033333333333,46.25,4000,NA,NA,0,0,NA,NA,NA,NA,NA,NA,NA,NA,herbi,gonochoric,fast,NA,int,NA,1,0.002739726027397,ethiopian,terrestrial,0,NA,vertebrate,Propithecus,NA,Indriidae,NA,Strepsirrhini,Primates,Mammalia,Gnathostomata,Chordata,Chordata,NA
Reticulitermes_flavipes,2,-0.250408,-0.00815044,0.00255644,0.000614588,0.240408,-0.267017,-0.233824,-0.027721,0.010688,0.00248,0.002633,0.000592,0.000637,0.231388,0.249906,0.226655,0.189576,Reticulitermes_flavipes,Reticulitermes_flavipes,30,NA,4.75,0.0155,NA,0.0155,1,1,1,1,NA,NA,NA,NA,NA,NA,detri,gonochoric,fast,2.48832,int,NA,10000,2.73972602739726,NA,terrestrial,0,NA,invertebrate,Reticulitermes,Heterotermitinae,Rhinotermitidae,NA,NA,Isoptera,Insecta,Hexapoda,Arthropoda,Arthropoda,4.75
Reticulitermes_grassei,9,0.212055,0.261382,0.00112279,0.000232282,0.206878,0.194938,0.229627,0.244998,0.277869,0.001055,0.001189,0.000216,0.000248,0.190513,0.224604,-0.319481,-0.0305115,Reticulitermes_grassei,Reticulitermes_grassei,30,NA,4.75,0.0155,NA,0.0155,1,1,1,1,NA,NA,NA,NA,NA,NA,detri,gonochoric,fast,2.48832,int,NA,10000,2.73972602739726,palearctic,terrestrial,0,1.02666666666667,invertebrate,Reticulitermes,Heterotermitinae,Rhinotermitidae,NA,NA,Isoptera,Insecta,Hexapoda,Arthropoda,Arthropoda,4.75
Reticulitermes_lucifugus,2,0.0253432,0.15464,0.00121422,0.000420717,0.346492,-0.004188,0.054044,0.123233,0.185143,0.001158,0.001271,"0,0004",0.000442,0.329655,0.364452,0.633877,0.678062,Reticulitermes_lucifugus,Reticulitermes_lucifugus,30,NA,4.75,0.0155,NA,0.0155,1,1,1,1,NA,NA,NA,NA,NA,NA,detri,gonochoric,fast,2.48832,int,NA,10000,2.73972602739726,NA,terrestrial,0,NA,invertebrate,Reticulitermes,Heterotermitinae,Rhinotermitidae,NA,NA,Isoptera,Insecta,Hexapoda,Arthropoda,Arthropoda,4.75
Sepia_officinalis,9,0.127994,0.233154,0.00212886,0.000198153,0.0930791,0.112295,0.14382,0.217432,0.248669,0.002023,0.002234,0.000183,0.000213,0.085122,0.101265,-0.508909,0.0698005,Sepia_officinalis,Sepia_officinalis,2,60,22,1000,2,0.811666666666667,0.000125,0.000811666666667,0.090909090909091,0.125,NA,NA,NA,NA,NA,NA,carni,gonochoric,fast,2.34,int,NA,550,2.2,palearctic,marine,0,4.5,invertebrate,Sepia,NA,Sepiidae,NA,Sepiina,Sepiida,Cephalopoda,NA,Mollusca,Mollusca,2
Thymelicus_lineola,5,-0.043642,0.0625979,0.0316444,0.00157949,0.0499137,-0.050551,-0.036262,0.05649,0.068874,0.031128,0.032151,0.001527,0.001633,0.048152,0.051813,-0.636421,-0.305479,Thymelicus_lineola,Thymelicus_lineola,1,NA,2.6,NA,0.077115962121153,NA,NA,NA,0.029659985431213,NA,NA,NA,NA,NA,NA,NA,herbi,gonochoric,fast,8,int,NA,99,13.2,NA,terrestrial,0,NA,invertebrate,Thymelicus,Hesperiinae,Hesperiidae,Hesperioidea,Glossata,Lepidoptera,Insecta,Hexapoda,Arthropoda,Arthropoda,0.0771159621211538
Thymelicus_sylvestris,7,0.0382002,0.0931063,0.0227798,0.00148765,0.0653053,0.031069,0.0454,0.087967,0.098277,0.022421,0.023143,0.001447,0.001528,0.063395,0.067286,-0.802922,-0.262709,Thymelicus_sylvestris,Thymelicus_sylvestris,1,NA,2.72,NA,0.089881104304194,NA,NA,NA,0.033044523641248,NA,NA,NA,NA,NA,NA,NA,herbi,gonochoric,fast,8,int,NA,99,13.2,NA,terrestrial,0,NA,invertebrate,Thymelicus,Hesperiinae,Hesperiidae,Hesperioidea,Glossata,Lepidoptera,Insecta,Hexapoda,Arthropoda,Arthropoda,0.0898811043041946
Trachemys_scripta,2,-0.392341,-0.117794,0.00909918,0.00154465,0.169758,-0.414928,-0.369913,-0.154587,-0.080679,0.008517,0.009723,0.001373,0.001733,0.15165,0.189574,0.14307,0.0677617,Trachemys_scripta,Trachemys_scripta,41.3,75,20.7,240,3.385,NA,0.0056,NA,0.163526570048309,0.02504,NA,NA,NA,NA,NA,NA,NA,NA,NA,0.3,int,NA,19,0.082191780821918,NA,terrestrial,1,NA,vertebrate,Trachemys,NA,Emydidae,Testudinoidea,Cryptodira,Testudines,NA,Gnathostomata,Chordata,Chordata,3.385
Tripylus_abatoides,2,-0.463959,-0.358924,0.0087074,0.00264682,0.303974,-0.495674,-0.431619,-0.398545,-0.318981,0.008022,0.009415,0.002425,0.002875,0.283391,0.325811,0.563631,0.550962,Tripylus_abatoides,Tripylus_abatoides,NA,NA,3.8,NA,0.2,NA,NA,NA,0.052631578947368,NA,NA,NA,NA,NA,NA,NA,NA,NA,NA,2.0833333333e-05,int,NA,NA,NA,NA,marine,0,NA,invertebrate,Tripylus,NA,Schizasteridae,NA,NA,Spatangoida,Echinoidea,Echinozoa,Echinodermata,Echinodermata,0.199999999999998
Tupaia_belangeri,4,-0.152089,-0.0690509,0.00547476,0.000609398,0.111311,-0.170181,-0.132954,-0.090088,-0.047782,0.005232,0.005723,0.000562,0.000658,0.102423,0.120607,0.0360185,0.0604713,Tupaia_belangeri,Tupaia_belangeri,11.1,46,18.5,200,NA,NA,0.5,0.5,0.5,NA,NA,NA,NA,NA,NA,NA,omni,gonochoric,fast,20,int,NA,2,0.020547945205479,oriental,terrestrial,0,3.55,vertebrate,Tupaia,NA,Tupaiidae,NA,NA,Scandentia,Mammalia,Gnathostomata,Chordata,Chordata,9.25
Varecia_variegata_variegata,4,-0.0558055,0.00770334,0.00639743,0.000802584,0.125454,-0.075789,-0.035624,-0.020921,0.036403,0.006059,0.006738,0.000731,0.000876,0.114384,0.137026,-0.67824,-0.848047,Varecia_variegata_variegata,Varecia_variegata,37,99,54.735,3670,NA,2893,0.788283378746594,0.788283378746594,0.923763481948411,NA,NA,NA,NA,NA,NA,NA,herbi,gonochoric,fast,20,int,NA,2.2,0.006027397260274,ethiopian,terrestrial,0,NA,vertebrate,Varecia,NA,Lemuridae,NA,Strepsirrhini,Primates,Mammalia,Gnathostomata,Chordata,Chordata,50.5621941844463
Maniola_jurtina,10,NA,NA,NA,NA,NA,NA,NA,NA,NA,NA,NA,NA,NA,NA,NA,NA,NA,NA,NA,1,NA,5.16,NA,NA,NA,NA,NA,NA,NA,NA,NA,NA,NA,NA,NA,NA,gonochoric,fast,8,int,NA,NA,NA,NA,terrestrial,NA,NA,invertebrate,NA,NA,NA,NA,NA,NA,NA,NA,NA,NA,NA
Pontia_daplidice,6,NA,NA,NA,NA,NA,NA,NA,NA,NA,NA,NA,NA,NA,NA,NA,NA,NA,NA,NA,1,NA,5.16,NA,NA,NA,NA,NA,NA,NA,NA,NA,NA,NA,NA,NA,NA,gonochoric,fast,8,int,NA,NA,NA,NA,terrestrial,NA,NA,invertebrate,NA,NA,NA,NA,NA,NA,NA,NA,NA,NA,NA
Messor_capitatus,5,NA,NA,NA,NA,NA,NA,NA,NA,NA,NA,NA,NA,NA,NA,NA,NA,NA,NA,NA,20,NA,1.5,NA,NA,NA,NA,NA,NA,NA,NA,NA,NA,NA,NA,NA,NA,gonochoric,fast,NA,int,NA,NA,NA,NA,terrestrial,NA,NA,invertebrate,NA,NA,NA,NA,NA,NA,NA,NA,NA,NA,NA
